Block Height,Timestamp,Token ID,Owner,Price (USD)
13698934,1618758026,2273548,0xae4e691713632afc,65.00000000
13698934,1618758026,8087158,0x38f39cec5a7d32f9,63.00000000
13698936,1618758031,2459373,0x68bcb8658ac5a615,98.00000000
13698936,1618758031,8470377,0x1c16895625a4895e,6.00000000
13698937,1618758037,3863441,0xad9bf014c88949d1,6.00000000
13698937,1618758037,2429510,0x63193ad53943d7cf,7.00000000
13698937,1618758037,1156857,0xa3ee3e60bbcc6734,75.00000000
13698937,1618758037,3243590,0xad52a8ed7fa06010,5.00000000
13698937,1618758037,6600730,0x37457d9862f6dcd6,6.00000000
13698937,1618758037,983194,0x9ff90c9360dbfbd9,1750.00000000
13698939,1618758043,2538180,0x70bdac677cae5c64,49.00000000
13698939,1618758043,8121790,0xa7f68d7d089e2762,150.00000000
13698940,1618758045,8107736,0xac7816a4ff3c2d6a,30.00000000
13698941,1618758048,6537358,0xc0075e35951d65ed,40.00000000
13698942,1618758051,7621473,0x30c3510ceb8664ab,8000.00000000
13698944,1618758056,4512067,0xcf34779750745b95,29.00000000
13698944,1618758056,4512433,0xb18777b754e5b255,32.00000000
13698944,1618758056,2555659,0xa2fa597ae0934628,10.00000000
13698945,1618758058,8080417,0xb2e69df6f446fd8c,35.00000000
13698946,1618758061,1125305,0xcf2025f02889951e,53.00000000
13698946,1618758061,1154759,0x4231b91b19ee2c34,57.00000000
13698946,1618758061,8895,0x0552b12feb1a32a1,939.00000000
13698946,1618758061,57285,0x80ac893190156b87,369.00000000
13698946,1618758061,6063725,0x70bde117f7ad79bf,275.00000000
13698946,1618758061,3934311,0x3450e1d8f416e20f,15.00000000
13698947,1618758063,5273645,0xce76f7329e06a1b3,142.00000000
13698947,1618758063,1952178,0x0716538c66aa5487,21.00000000
13698947,1618758063,1020856,0xec1ff46a4433b943,160.00000000
13698948,1618758066,6961332,0xd1380fbf9b269d82,7.00000000
13698948,1618758066,938250,0x27c19008a45c20e3,799.00000000
13698949,1618758068,2088846,0x816d2bad42dfd721,505.00000000
13698949,1618758068,3940069,0x3b8762fb95de9ed4,4.00000000
13698950,1618758074,6873455,0x9a4f5bb312952867,6.00000000
13698950,1618758074,3087211,0xbfd08be5f9f6e9d3,19.00000000
13698950,1618758074,7250054,0xae66f75de44ba381,10.00000000
13698951,1618758076,2102768,0xed5a36f98add024f,51.00000000
13698952,1618758079,5274231,0xed8b366ab0d82c70,132.00000000
13698952,1618758079,4698728,0x1389b0a6a6821489,17.00000000
13698954,1618758084,6762921,0x95090fae2639b841,11.00000000
13698954,1618758084,8149557,0x8de47e3532b27a63,43.00000000
13698955,1618758087,3470360,0x227232f9122e1723,5.00000000
13698955,1618758087,2273869,0x413bea9544af261e,65.00000000
13698956,1618758089,3560087,0x00574f992f93db3d,6.00000000
13698956,1618758089,5294773,0x5e4fe1b732696ed3,49.00000000
13698956,1618758089,4247136,0xdc52537ec74bff64,77.00000000
13698957,1618758092,6543845,0xabcde2d09fd8ef5a,9.00000000
13698957,1618758092,4045562,0x3f22ff1ea7e68643,1989.00000000
13698958,1618758094,1049122,0xc5d18fea395b871c,29.00000000
13698959,1618758097,7821541,0x1b8eb420e6e2a8a9,5.00000000
13698960,1618758099,7008181,0x4260f37b97ea1d3b,7.00000000
13698960,1618758099,3690805,0x8a6810da3fff1378,6.00000000
13698960,1618758099,952047,0x58b2a1e87893fd27,108.00000000
13698962,1618758104,4273929,0x59c981ad86ec7512,26.00000000
13698963,1618758107,1117002,0xa3ee3e60bbcc6734,79.00000000
13698963,1618758107,5066099,0xa958011e9e9b2124,6.00000000
13698963,1618758107,2451328,0x2b482b78220a7723,60.00000000
13698964,1618758110,8119628,0x221ce605e6e2e152,45.00000000
13698965,1618758112,2209704,0x2587c54ced4ce391,75.00000000
13698965,1618758112,3830659,0x75924107d60b40e9,6.00000000
13698965,1618758112,8125439,0x16b54c9699c8d638,70.00000000
13698966,1618758115,6950788,0x71cacba0a77bef05,5.00000000
13698966,1618758115,1958222,0x76e4dd9ac061ec4d,22.00000000
13698966,1618758115,3715240,0x0c4b092b5484789a,6.00000000
13698966,1618758115,6728222,0xad9bf014c88949d1,5.00000000
13698967,1618758117,7086785,0xe0fac317b2c4c143,7.00000000
13698968,1618758120,1291733,0x43740d82ec293a46,204.00000000
13698968,1618758120,8113272,0x01dd9c7b914ed784,35.00000000
13698968,1618758120,6029369,0x98d2d5fcc521122d,294.00000000
13698968,1618758120,5501908,0x4bb11939b555f002,5.00000000
13698968,1618758120,2985741,0x20ba33c3f80eafe3,39.00000000
13698969,1618758128,1002445,0x5640b2cbf95affff,230.00000000
13698969,1618758128,6242625,0x92f47a73141913d8,99.00000000
13698969,1618758128,4685036,0xf3e08b8a4890cb9f,4999.00000000
13698969,1618758128,6066958,0x6ee77f81445c350f,146.00000000
13698969,1618758128,6544943,0x98ad72da7dcb3ae9,6.00000000
13698969,1618758128,1934591,0x63193ad53943d7cf,7.00000000
13698969,1618758128,7629843,0x703b0c7b29f5d583,870.00000000
13698969,1618758128,3238792,0xa8f35d7d4bc0a493,19.00000000
13698970,1618758131,295636,0xe710c0e96d555e5d,200.00000000
13698970,1618758131,4611419,0xe1b23bb2a52f333b,35.00000000
13698970,1618758131,6080750,0xec058305c0ad4c15,1300.00000000
13698970,1618758131,894138,0xec1ff46a4433b943,100.00000000
13698971,1618758134,1105199,0x3233b6e726568307,8.00000000
13698972,1618758136,5203931,0xa24814bb8a67084b,77.00000000
13698972,1618758136,4787406,0xb69c25880018f0f9,6.00000000
13698972,1618758136,6041765,0x8d284b00d7cd37da,127.00000000
13698972,1618758136,4538959,0x97081a1c1dbd5d06,11.00000000
13698973,1618758139,5405368,0xfd157806597306a9,44.00000000
13698973,1618758139,2277129,0x5e2da75ba51ed1d1,777.00000000
13698974,1618758146,2507030,0x5d38d5f3c5c5158a,47.00000000
13698974,1618758146,8630703,0x259abc640fc323ab,11.00000000
13698974,1618758146,7656144,0x8f429076c70c6b8d,160.00000000
13698974,1618758146,1032671,0x43b7f8e9c48869fe,29.00000000
13698974,1618758146,5313817,0x7de4123d94f39df7,1500.00000000
13698974,1618758146,2198791,0x6fc8adfa20609a6a,128.00000000
13698974,1618758146,5304754,0xce76f7329e06a1b3,35.00000000
13698974,1618758146,5883606,0xbb5663e9b4932f3f,22.00000000
13698976,1618758151,6789808,0xddf2df3b7137728a,15.00000000
13698976,1618758151,6089457,0xd72521752b63aecd,234.00000000
13698977,1618758154,5720377,0xffd21afa03b57f31,6.00000000
13698978,1618758157,8462819,0x43cf267c97ac5f4f,44.00000000
13698979,1618758159,8496318,0x1a2eedf7168f5760,10.00000000
13698979,1618758159,3940069,0x19325bf9f7933695,5.00000000
13698982,1618758167,8567537,0x28102c5662dfb8c8,22.00000000
13698983,1618758169,6566114,0x87101a7b0c0ed340,7.00000000
13698983,1618758169,4969335,0x1e1030c5b3ff004b,150.00000000
13698984,1618758179,6024526,0x64c3b27b17d5e389,550.00000000
13698984,1618758179,7386616,0xc334e0d4282aeff5,4.00000000
13698984,1618758179,6281829,0xda88d429cca32a77,10.00000000
13698984,1618758179,5409730,0x53ce03c5f79ca4d7,44.00000000
13698984,1618758179,4704048,0xa1f79cae4da9f968,13.00000000
13698984,1618758179,4711292,0xbac11d4f182617fc,12.00000000
13698985,1618758191,2429510,0xf75741f1a3c2f7b1,8.00000000
13698985,1618758191,8144056,0xa3adcc88ac6f0e67,40.00000000
13698985,1618758191,1767988,0x593c8c9a9e8c1d44,60.00000000
13698985,1618758191,8296553,0x76960c049c7b2e41,9.00000000
13698985,1618758191,3972368,0xad9bf014c88949d1,6.00000000
13698985,1618758191,6358458,0x221ce605e6e2e152,7.00000000
13698986,1618758194,3495732,0xe5c81a2f71ed382f,111.00000000
13698986,1618758194,7323807,0x87bffa012fea7ea3,6.00000000
13698986,1618758194,5796340,0x59c981ad86ec7512,26.00000000
13698986,1618758194,6676749,0x95090fae2639b841,6.00000000
13698988,1618758199,5232732,0x94c49cbaea7092cd,46.00000000
13698989,1618758202,8475132,0xe110e0ffb2408631,6.00000000
13698989,1618758202,6026417,0x12ad2be7da7d622e,150.00000000
13698989,1618758202,6876855,0x5e4fe1b732696ed3,6.00000000
13698990,1618758204,7617611,0xd366749b6433f470,740.00000000
13698991,1618758207,5793915,0x3fc47a9a0af53648,25.00000000
13698991,1618758207,5113454,0x6ee77f81445c350f,6.00000000
13698991,1618758207,2197427,0x8fadd05506562fb5,75000.00000000
13698992,1618758210,3472251,0x0c4b092b5484789a,6.00000000
13698993,1618758212,132541,0x69d604ec78518c70,769.00000000
13698993,1618758212,6866093,0xf3e08b8a4890cb9f,1999.00000000
13698993,1618758212,5880168,0xa24814bb8a67084b,5.00000000
13698994,1618758215,3935543,0xa958011e9e9b2124,5.00000000
13698995,1618758217,2053007,0xb506aa7994c31e8a,60.00000000
13698997,1618758222,7594944,0xaeadf7aa8c77840b,489.00000000
13698997,1618758222,7010413,0xd826b90319d1352f,5.00000000
13698997,1618758222,2776200,0x97d79c1fa6e397bd,7.00000000
13698997,1618758222,1432634,0x0c3fabb9c9582a20,18.00000000
13698998,1618758225,5618993,0x2041f5ebb14ed110,5.00000000
13698998,1618758225,4008566,0x051d0544349d313b,470.00000000
13698998,1618758225,8401329,0xffd21afa03b57f31,6.00000000
13698999,1618758227,7628979,0x6ada2491bfaec116,515.00000000
13699000,1618758230,5627256,0x1a2eedf7168f5760,5.00000000
13699001,1618758233,7619650,0x550b9f30c732b177,2316.00000000
13699003,1618758238,3484896,0x0c9c36c5c9cab255,12.00000000
13699003,1618758238,8123748,0x8beaaeb957d5ebf5,50.00000000
13699003,1618758238,874549,0x23848d6fc198b5b7,456.00000000
13699004,1618758244,8085727,0xb1e54751f8bba029,10000.00000000
13699004,1618758244,4421154,0xbb5663e9b4932f3f,14.00000000
13699004,1618758244,4787486,0xf6e5a1af278601b9,4.00000000
13699004,1618758244,1156857,0xfe5007fe4ddf8f1f,83.00000000
13699004,1618758244,2705187,0xc6f531dd098c4307,106.00000000
13699004,1618758244,4554725,0x3450e1d8f416e20f,9.00000000
13699005,1618758247,4016075,0x03ab79eac20be0f1,9.00000000
13699005,1618758247,8064159,0x036367dd39a733b5,45.00000000
13699006,1618758252,766186,0xf0a0d5cf68e75217,2200.00000000
13699006,1618758252,1092077,0xec1ff46a4433b943,80.00000000
13699006,1618758252,4953916,0x1e1030c5b3ff004b,180.00000000
13699006,1618758252,8239973,0xd3f9f058ad6559d4,103.00000000
13699007,1618758255,3337377,0x97081a1c1dbd5d06,11.00000000
13699008,1618758260,8335168,0x0f0fe471fc4affe9,10.00000000
13699008,1618758260,7128501,0xff935e0b66403551,25.00000000
13699008,1618758260,6880708,0xc334e0d4282aeff5,5.00000000
13699011,1618758268,6093121,0x27c19008a45c20e3,129.00000000
13699011,1618758268,4345358,0xad9bf014c88949d1,6.00000000
13699012,1618758271,4263600,0x59c981ad86ec7512,26.00000000
13699013,1618758277,8121068,0x54d86bcc7a64af0f,44.00000000
13699013,1618758277,972598,0x318ca711c1047445,44.00000000
13699014,1618758280,7127815,0x71cacba0a77bef05,6.00000000
13699015,1618758287,8056467,0x3fc47a9a0af53648,35.00000000
13699015,1618758287,8265723,0x73b434bbf46ed0a7,30.00000000
13699015,1618758287,7386616,0x07c1b8f1507bbdf2,5.00000000
13699015,1618758287,5583205,0xafd69a9ff90b29e5,12.00000000
13699016,1618758290,6211940,0x4b6ed24a85081f62,9.00000000
13699016,1618758290,5812443,0xecfe90409484973b,8.00000000
13699017,1618758295,6950788,0xe8941c2b8df7efe3,6.00000000
13699017,1618758295,7959936,0xafd85180a82b3f40,8.00000000
13699017,1618758295,1635509,0xa490688578dadbb0,29.00000000
13699017,1618758295,1934591,0x71c0103803da3802,8.00000000
13699017,1618758295,8129545,0xd69eea9b6e2d818e,45.00000000
13699017,1618758295,8038999,0xa60c9a80e53715bd,6.00000000
13699017,1618758295,7605275,0xa6a54479d76edac9,596.00000000
13699018,1618758299,6029545,0x656d832bcba0d5bc,750.00000000
13699018,1618758299,8124377,0xa12e53da6a957a5d,80.00000000
13699018,1618758299,369711,0x99db52d207152290,550.00000000
13699018,1618758299,3564993,0x0607b7b29998eb61,40.00000000
13699019,1618758301,4200191,0xa8f35d7d4bc0a493,24.00000000
13699020,1618758304,8190145,0x614d9b97d401ef5d,5.00000000
13699020,1618758304,2857697,0xcd71e87f7a139869,7.00000000
13699021,1618758306,7809281,0xb3997859e2d111c6,15.00000000
13699021,1618758306,8125989,0x77cf8685714084eb,34.00000000
13699021,1618758306,7805820,0xf1bef1500173240a,6.00000000
13699022,1618758309,6075349,0xd72521752b63aecd,259.00000000
13699023,1618758312,151687,0x8fadd05506562fb5,72500.00000000
13699023,1618758312,8106874,0x456564ca79c6325d,64.00000000
13699023,1618758312,4625739,0x6ee77f81445c350f,12.00000000
13699026,1618758323,5617828,0x9c90283430cf4897,5.00000000
13699026,1618758323,941559,0x7eff7fe655efbb49,799.00000000
13699026,1618758323,3349009,0xaa72753712e2a207,15.00000000
13699026,1618758323,2280233,0x5e2da75ba51ed1d1,64.00000000
13699026,1618758323,1402910,0x63193ad53943d7cf,7.00000000
13699026,1618758323,8067269,0x0bc2a96f2ddf7d5a,32.00000000
13699027,1618758326,8078772,0x61b50f0e685c1126,35.00000000
13699028,1618758333,4893771,0x270526ab3a97b416,35.00000000
13699028,1618758333,5000634,0xad9bf014c88949d1,5.00000000
13699028,1618758333,7124843,0x882664919ded8782,10.00000000
13699029,1618758336,2089154,0x57d44ab05015b3f4,9999.00000000
13699029,1618758336,1008086,0xa3cd9f1a6f0e9af5,142.00000000
13699029,1618758336,6307556,0x913ced53fbdb4c2c,93.00000000
13699029,1618758336,2996554,0x87dbcfe1795b5117,100.00000000
13699031,1618758341,6047389,0xd79c5384627d9412,200.00000000
13699031,1618758341,8068640,0x4e9a304d41ee0e97,35.00000000
13699032,1618758347,7372284,0x233f9c15bcc1de7c,9.00000000
13699032,1618758347,6026417,0xf471a7371778ea1b,169.00000000
13699032,1618758347,7518173,0x1b4e5f8b5dd30fdf,11.00000000
13699033,1618758353,4355327,0xf7fd235192bd42cf,12.00000000
13699033,1618758353,986092,0x958b1c52a0a3f8a7,355.00000000
13699033,1618758353,2198791,0x6fc8adfa20609a6a,127.00000000
13699035,1618758358,8103751,0x43cf267c97ac5f4f,33.00000000
13699036,1618758361,7661157,0x99140fd211abe163,139.00000000
13699036,1618758361,4979764,0xb9253e26f3910e15,33.00000000
13699036,1618758361,5747147,0x64243d4090cedd41,19.00000000
13699036,1618758361,6294925,0xa1b8fda88f475f2f,19.00000000
13699036,1618758361,8051936,0x259abc640fc323ab,80.00000000
13699037,1618758367,2788464,0xaea34abfe67e3fd0,12.00000000
13699037,1618758367,2500202,0x9ebaf182520673df,11.00000000
13699037,1618758367,2180129,0x9243170ea7b81c18,6969.00000000
13699037,1618758367,4730758,0x2b6333108ba05d6c,6.00000000
13699038,1618758375,653832,0xf6e5a1af278601b9,74.00000000
13699038,1618758375,8072357,0xa64705e9246388da,37.00000000
13699038,1618758375,8112911,0xe5495b62026af841,33.00000000
13699038,1618758375,4792573,0xa60c9a80e53715bd,9.00000000
13699038,1618758375,5340646,0xe710c0e96d555e5d,115.00000000
13699039,1618758378,984839,0x656d832bcba0d5bc,1100.00000000
13699039,1618758378,6436732,0x0f07b28a9a978378,6.00000000
13699039,1618758378,7609369,0xe4b4e04119647136,174.00000000
13699040,1618758380,2439810,0x08af05521e208fb0,64.00000000
13699040,1618758380,8655342,0x221ce605e6e2e152,7.00000000
13699040,1618758380,4528502,0x318ca711c1047445,21.00000000
13699040,1618758380,8088770,0xf3e08b8a4890cb9f,20000.00000000
13699041,1618758383,4521473,0x456564ca79c6325d,24.00000000
13699042,1618758386,8116648,0x01dd49e9d75fa5a3,37.00000000
13699045,1618758400,1184577,0xe1b23bb2a52f333b,60.00000000
13699045,1618758400,4486210,0xe720a5516a690f87,53.00000000
13699045,1618758400,8089829,0xd07b50c862354cba,45.00000000
13699045,1618758400,4787486,0x4f51d0554c61b4ad,5.00000000
13699045,1618758400,3464756,0xd69eea9b6e2d818e,12.00000000
13699045,1618758400,5795507,0x59c981ad86ec7512,26.00000000
13699045,1618758400,8735977,0xad9bf014c88949d1,5.00000000
13699046,1618758405,89830,0x8f429076c70c6b8d,695.00000000
13699046,1618758405,8127302,0xa0557261221c740f,34.00000000
13699046,1618758405,6825384,0x76e4dd9ac061ec4d,21.00000000
13699047,1618758407,1152860,0x357b552e5e8221b6,106.00000000
13699047,1618758407,6524979,0x0e029d303dc4f474,40.00000000
13699047,1618758407,6602966,0x68f6c2a52154c954,5.00000000
13699048,1618758410,2122718,0x0273ffa98ccc7814,15.00000000
13699049,1618758412,2057687,0x7e72db4fc80c194d,48.00000000
13699050,1618758418,3370102,0x0f48d38c5879253f,30.00000000
13699050,1618758418,5752886,0x1a2eedf7168f5760,5.00000000
13699050,1618758418,2986142,0xebd3eeb05b27cdc3,25.00000000
13699051,1618758421,3700222,0x0c4b092b5484789a,5.00000000
13699051,1618758421,6355855,0xe6dd25f79a35d9af,5.00000000
13699053,1618758427,8298687,0x33bf2c8d5f9111ca,45.00000000
13699053,1618758427,1525318,0x85706d6135b17309,19.00000000
13699054,1618758430,4247136,0x1dd61af03634e464,89.00000000
13699055,1618758435,1638874,0xc8bcdc6deea9810b,18.00000000
13699055,1618758435,2395667,0xfe986e3d3bac7742,275.00000000
13699055,1618758435,5045029,0x9c90283430cf4897,5.00000000
13699056,1618758437,8273157,0x76f9e93df295de56,24.00000000
13699057,1618758440,2397000,0x4573232c0e5500bc,272.00000000
13699057,1618758440,7300419,0x04445b567239b82b,7.00000000
13699058,1618758442,959244,0x569f433ccfdb1e5d,115.00000000
13699058,1618758442,2987705,0x5e4fe1b732696ed3,6.00000000
13699059,1618758445,3541216,0x93e2ab703d1011f7,31.00000000
13699059,1618758445,7693990,0xc7ebfa5420d549ff,47.00000000
13699059,1618758445,330392,0x8fadd05506562fb5,26100.00000000
13699059,1618758445,8567089,0xdb777a8bd8c35f6a,50.00000000
13699059,1618758445,851074,0x93ed26a120b5fdd7,30.00000000
13699060,1618758447,6132129,0x64243d4090cedd41,14.00000000
13699060,1618758447,6880708,0xce7cc2bd97e45bcc,6.00000000
13699060,1618758447,8794504,0xf1bef1500173240a,6.00000000
13699060,1618758447,6521094,0x84a3ef97b3cec00f,39.00000000
13699060,1618758447,8117461,0x3ddfccd41e7005e3,49.00000000
13699061,1618758450,4432228,0xaf28931d29d36a50,209.00000000
13699061,1618758450,8055438,0xa64705e9246388da,33.00000000
13699064,1618758461,5907929,0x0f07b28a9a978378,6.00000000
13699064,1618758461,7771548,0x96ec6b086c850ab0,50.00000000
13699064,1618758461,7441198,0x76960c049c7b2e41,5.00000000
13699064,1618758461,8711857,0x221ce605e6e2e152,4.00000000
13699065,1618758467,6802578,0x974c3220c7902283,16.00000000
13699065,1618758467,6931273,0x6ee77f81445c350f,8.00000000
13699066,1618758470,8309795,0x99e96f64df3c7d01,15.00000000
13699067,1618758472,5389392,0x66cc1adc4658bd15,37.00000000
13699068,1618758479,3777181,0xd826b90319d1352f,15.00000000
13699068,1618758479,308120,0x9ac8ca6addeca7e6,67.00000000
13699068,1618758479,2499258,0x398414c29a1d2a87,8.00000000
13699068,1618758479,49285,0x9001ca2fd63b4934,4999.00000000
13699068,1618758479,1641846,0xa06e28165db28693,20.00000000
13699068,1618758479,6514212,0x0ce76f8c729aa1b1,40.00000000
13699069,1618758481,4623397,0x6a2ecd0e20850afb,50.00000000
13699069,1618758481,4526027,0x7f39715b2afa6bbd,23.00000000
13699070,1618758484,3700061,0x36890bda9f02d386,6.00000000
13699070,1618758484,4861196,0xda88d429cca32a77,15.00000000
13699070,1618758484,7390523,0xf70fb9c2cc501994,4.00000000
13699070,1618758484,6436732,0xce3504db642b997d,18.00000000
13699070,1618758484,3560087,0x00574f992f93db3d,5.00000000
13699071,1618758486,7620210,0x22f61e87688764cf,1140.00000000
13699071,1618758486,566154,0x2727158c094f90e8,525.00000000
13699071,1618758486,4769137,0xad9bf014c88949d1,6.00000000
13699072,1618758489,3618519,0xd4caa43098da1203,6.00000000
13699072,1618758489,8104512,0x1389b0a6a6821489,130.00000000
13699073,1618758492,952047,0x58b2a1e87893fd27,107.00000000
13699074,1618758504,7630340,0x6ada2491bfaec116,950.00000000
13699074,1618758504,7532851,0xad52a8ed7fa06010,8.00000000
13699074,1618758504,2857697,0x28db16da5747467a,8.00000000
13699074,1618758504,3935543,0xa1f79cae4da9f968,6.00000000
13699074,1618758504,2057577,0x7e72db4fc80c194d,49.00000000
13699074,1618758504,1194477,0x1b4e5f8b5dd30fdf,30.00000000
13699074,1618758504,840526,0x0553190951a432a6,6999.00000000
13699074,1618758504,8051991,0x68215fd22cac8d5f,64.00000000
13699074,1618758504,8691337,0xe110e0ffb2408631,5.00000000
13699074,1618758504,6086897,0x1a3394dff400975a,124.00000000
13699074,1618758504,8110067,0x558f11d72d2d4c5f,48.00000000
13699074,1618758504,7607227,0x7f155df0e39d7a5c,214.00000000
13699074,1618758504,5627256,0xe8941c2b8df7efe3,6.00000000
13699075,1618758507,2397622,0x2035f4e151aa5cf3,1895.00000000
13699075,1618758507,504190,0x138c7ff36462fe35,3823.00000000
13699075,1618758507,2953675,0xed67ca1072a41242,5.00000000
13699076,1618758519,941559,0x7eff7fe655efbb49,795.00000000
13699076,1618758519,1117002,0x5ce6cf555171b6c6,89.00000000
13699076,1618758519,4273602,0x59c981ad86ec7512,26.00000000
13699076,1618758519,8172643,0x545e52330fa32089,9.00000000
13699077,1618758522,2905632,0xbb5663e9b4932f3f,12.00000000
13699078,1618758524,7615227,0xa73125e15ebd90a3,828.00000000
13699079,1618758527,1902557,0xc0caf85c7af6a0f6,115.00000000
13699080,1618758530,5211782,0xd59fbc5e4d222620,75.00000000
13699082,1618758535,6178403,0x9c90283430cf4897,5.00000000
13699083,1618758537,2108844,0x315f8887f2b3a8d2,47.00000000
13699083,1618758537,7023463,0xd02f998c485ce34f,6.00000000
13699084,1618758540,6010245,0x55467355c7a0bca6,5.00000000
13699085,1618758542,1862159,0xc1b229300cac7712,17.00000000
13699086,1618758545,6282307,0x64243d4090cedd41,6.00000000
13699086,1618758545,3626195,0x0c4b092b5484789a,5.00000000
13699086,1618758545,2987705,0x961883694558473a,9.00000000
13699087,1618758548,7294645,0x76960c049c7b2e41,6.00000000
13699087,1618758548,797906,0xa3ee3e60bbcc6734,49.00000000
13699087,1618758548,6355855,0xce7cc2bd97e45bcc,7.00000000
13699087,1618758548,3424458,0x57bbae88d375127e,6.00000000
13699088,1618758550,7166256,0xad9bf014c88949d1,5.00000000
13699088,1618758550,132146,0xe106eb68a35ec096,898.00000000
13699089,1618758553,4527050,0x0ce76f8c729aa1b1,22.00000000
13699089,1618758553,3699822,0xf6e5a1af278601b9,4.00000000
13699089,1618758553,6886943,0x0f07b28a9a978378,7.00000000
13699089,1618758553,8068532,0xe808683f7a729bf1,31.00000000
13699090,1618758555,1864604,0x2977aae9494edbd9,17.00000000
13699090,1618758555,6521405,0x96768207f785c36c,45.00000000
13699090,1618758555,2391500,0x2126ebb657cde5fd,444.00000000
13699091,1618758558,2058617,0xe710c0e96d555e5d,50.00000000
13699091,1618758558,2446637,0x4608bf03c7e6ebae,35.00000000
13699091,1618758558,8083201,0x4b6ed24a85081f62,40.00000000
13699092,1618758561,938250,0x27c19008a45c20e3,775.00000000
13699094,1618758566,5618993,0xe8941c2b8df7efe3,6.00000000
13699095,1618758569,6520045,0x9be6b0c85816df7e,40.00000000
13699095,1618758569,2395590,0xfe986e3d3bac7742,275.00000000
13699095,1618758569,6757937,0xd371edaec94fbc12,40.00000000
13699095,1618758569,4515851,0x28cbbad22c00b3d1,22.00000000
13699097,1618758574,2129979,0x61b50f0e685c1126,25.00000000
13699098,1618758577,1402910,0xf75741f1a3c2f7b1,8.00000000
13699098,1618758577,8149278,0x4daf29cccdf8e079,500.00000000
13699098,1618758577,1826761,0x85706d6135b17309,17.00000000
13699098,1618758577,8067693,0xba12aa3be6839c97,31.00000000
13699098,1618758577,5971337,0xfd3c7411494156eb,5.00000000
13699099,1618758579,8108735,0xa64705e9246388da,37.00000000
13699100,1618758582,2165794,0x090e6dbf2f17a1e5,10.00000000
13699100,1618758582,233876,0x2ababf13b4179cb0,199.00000000
13699101,1618758584,5424431,0xce76f7329e06a1b3,33.00000000
13699101,1618758584,6068850,0x679a856e7bd4ac63,30000.00000000
13699101,1618758584,288447,0x3eb5cc37db284ca1,975.00000000
13699102,1618758594,1562019,0x5f5e7383f6727c4b,155.00000000
13699102,1618758594,7459471,0x221ce605e6e2e152,5.00000000
13699102,1618758594,6597163,0x2749b684705c4d80,7.00000000
13699102,1618758594,7629843,0x703b0c7b29f5d583,865.00000000
13699102,1618758594,6724449,0x0607b7b29998eb61,20.00000000
13699102,1618758594,6653577,0xa06e28165db28693,20.00000000
13699102,1618758594,8089089,0x43f78ddd3b5f25f8,35.00000000
13699102,1618758594,5203931,0xa24814bb8a67084b,75.00000000
13699102,1618758594,2056908,0x7e72db4fc80c194d,48.00000000
13699102,1618758594,3624414,0xd4caa43098da1203,6.00000000
13699104,1618758600,1623127,0x93ed26a120b5fdd7,8.00000000
13699104,1618758600,7781715,0x49ffcfeb87f1ea3c,14.00000000
13699104,1618758600,437907,0x019f64d3f79de7ee,69.00000000
13699105,1618758602,6351945,0x8d445eee87f01e7b,11.00000000
13699105,1618758602,3251461,0x582943592415eba5,8.00000000
13699106,1618758608,4708180,0x4e58ce67f5b1558b,15.00000000
13699107,1618758610,8089393,0xfb7b6305691f83ab,40.00000000
13699108,1618758613,8222057,0xad9bf014c88949d1,5.00000000
13699110,1618758618,2464858,0xc1b229300cac7712,17.00000000
13699111,1618758620,4262069,0x59c981ad86ec7512,25.00000000
13699111,1618758620,4440999,0x241d193e55eec5da,60.00000000
13699112,1618758623,5188559,0xe1b23bb2a52f333b,150.00000000
13699112,1618758623,7368679,0xde066bdf0a95c197,5.00000000
13699112,1618758623,6753580,0xe808683f7a729bf1,8.00000000
13699112,1618758623,4408133,0x1b4e5f8b5dd30fdf,25.00000000
13699113,1618758625,4909038,0xca280f98c33ecf74,77.00000000
13699114,1618758628,2749625,0x78e36117c97e0807,75.00000000
13699114,1618758628,965562,0xa3ee3e60bbcc6734,127.00000000
13699114,1618758628,1769842,0xcb9ff501c38ba1e7,21.00000000
13699114,1618758628,8003779,0xcdd9a52519a60845,10.00000000
13699115,1618758630,747087,0x8fadd05506562fb5,27820.00000000
13699116,1618758633,3628035,0x090e6dbf2f17a1e5,6.00000000
13699116,1618758633,5820363,0xd3f9f058ad6559d4,249.00000000
13699116,1618758633,5191578,0xeda2ef10bd83d9ef,106.00000000
13699117,1618758639,2317464,0x788acd593bf2b19e,30.00000000
13699117,1618758639,4442086,0x23848d6fc198b5b7,123.00000000
13699117,1618758639,978049,0xd1c741f2eaf5752f,349.00000000
13699117,1618758639,2183286,0x4608bf03c7e6ebae,35.00000000
13699117,1618758639,4125665,0x62e38eb0a9d23a49,61.00000000
13699117,1618758639,7575649,0xf0815b4feeef8a84,8.00000000
13699118,1618758642,6516942,0x9be6b0c85816df7e,40.00000000
13699118,1618758642,2976358,0xd9cf1d37f1215708,14.00000000
13699119,1618758645,7295844,0xd02f998c485ce34f,6.00000000
13699119,1618758645,5847471,0x0f07b28a9a978378,14.00000000
13699120,1618758647,6436732,0xce3504db642b997d,17.00000000
13699121,1618758650,776220,0xf0a0d5cf68e75217,2650.00000000
13699122,1618758661,2987705,0x961883694558473a,8.00000000
13699122,1618758661,8142481,0xe911da05b8e58f7c,50.00000000
13699122,1618758661,8496318,0x1a2eedf7168f5760,9.00000000
13699122,1618758661,2180129,0x9243170ea7b81c18,29.00000000
13699122,1618758661,8089037,0x96977ecfea20bae8,33.00000000
13699126,1618758673,2055942,0x7e72db4fc80c194d,48.00000000
13699127,1618758675,6067770,0x71050fbcca21fd6d,527.00000000
13699127,1618758675,7484863,0x2749b684705c4d80,8.00000000
13699128,1618758678,5196315,0x27c19008a45c20e3,249.00000000
13699128,1618758678,164094,0x608b41465bf3cbe9,130.00000000
13699128,1618758678,8087158,0x38f39cec5a7d32f9,62.00000000
13699128,1618758678,8296553,0x1265e1bcd136452a,10.00000000
13699129,1618758680,6376320,0xad9bf014c88949d1,5.00000000
13699129,1618758680,5371949,0xa24814bb8a67084b,88.00000000
13699130,1618758683,144615,0x3eb5cc37db284ca1,888.00000000
13699131,1618758685,3998200,0xac0a29d2551d15e4,20.00000000
13699131,1618758685,6248011,0x3ba319aad7eaa239,75.00000000
13699132,1618758688,3699822,0xb215afbc4b6d712a,5.00000000
13699132,1618758688,7067991,0x32a190f0fb17302b,5.00000000
13699132,1618758688,1901531,0x31657ad637a35a49,349.00000000
13699133,1618758691,2308727,0xad1bf6961a0522a7,100.00000000
13699133,1618758691,7622280,0xdd6151f54db0165b,515.00000000
13699134,1618758693,8396096,0xa8b040831caeb125,6.00000000
13699135,1618758696,6601206,0xc796ea6a07e71395,5.00000000
13699136,1618758699,797906,0x1b4e5f8b5dd30fdf,59.00000000
13699138,1618758704,5790733,0x17451910f05c3581,24.00000000
13699138,1618758704,671515,0x253031d27e71ea30,158.00000000
13699139,1618758707,8723439,0x1660100c6bb99a19,5.00000000
13699140,1618758709,1368446,0x93ed26a120b5fdd7,13.00000000
13699140,1618758709,5406587,0x109f09a348a081c1,45.00000000
13699140,1618758709,2391500,0x2126ebb657cde5fd,375.00000000
13699141,1618758712,6495677,0xebdb565c90b99c2a,9.00000000
13699141,1618758712,5317823,0x9fe270bd78bb062b,72.00000000
13699142,1618758714,2464842,0xc1b229300cac7712,17.00000000
13699142,1618758714,4271068,0x59c981ad86ec7512,25.00000000
13699142,1618758714,8088192,0x1f2f3843ccd52001,51.00000000
13699143,1618758721,1447463,0x2977aae9494edbd9,9.00000000
13699143,1618758721,2198791,0x6fc8adfa20609a6a,126.00000000
13699143,1618758721,558268,0x577c70e1e507df3b,94.00000000
13699144,1618758724,2602377,0x55467355c7a0bca6,47.00000000
13699144,1618758724,963129,0xa3ee3e60bbcc6734,75.00000000
13699144,1618758724,6646434,0x12122ae509dd1fbd,350.00000000
13699144,1618758724,826943,0x1389b0a6a6821489,116.00000000
13699144,1618758724,4711292,0xbac11d4f182617fc,11.00000000
13699145,1618758726,7534940,0xa06e28165db28693,20.00000000
13699146,1618758729,7734831,0xe808683f7a729bf1,5.00000000
13699148,1618758738,6831549,0x910ea711ae2d38a4,15.00000000
13699148,1618758738,945373,0x7eff7fe655efbb49,750.00000000
13699148,1618758738,608353,0x8fadd05506562fb5,10000.00000000
13699148,1618758738,2905632,0xbb5663e9b4932f3f,11.00000000
13699148,1618758738,3636046,0x8da9e4a552710d36,4.00000000
13699149,1618758740,3395284,0x090e6dbf2f17a1e5,6.00000000
13699151,1618758746,6450483,0x2749b684705c4d80,7.00000000
13699152,1618758748,8550786,0xc1c1be9f474b9861,280.00000000
13699152,1618758748,2057137,0x7e72db4fc80c194d,49.00000000
13699152,1618758748,8077011,0xf4d534f32a8390f8,35.00000000
13699152,1618758748,6027059,0x76ca3122407973e1,215.00000000
13699152,1618758748,756477,0x3e7d4be300189984,622.00000000
13699153,1618758751,6004587,0xd02f998c485ce34f,6.00000000
13699155,1618758756,8138324,0x5432e544cf2887ec,35.00000000
13699157,1618758761,3466337,0xabcde2d09fd8ef5a,7.00000000
13699158,1618758764,46364,0x3bbb94ad47af001a,599.00000000
13699158,1618758764,4809932,0x295a2f65d7199ba2,55.00000000
13699158,1618758764,7491996,0x4b6ed24a85081f62,8.00000000
13699158,1618758764,4380018,0xafaf39410df8ba8e,7.00000000
13699160,1618758772,8112133,0x8e28c217c3a3bb6a,69.00000000
13699160,1618758772,8090117,0x8644aa336348e764,40.00000000
13699160,1618758772,6517595,0x9be6b0c85816df7e,40.00000000
13699160,1618758772,1119049,0x9ebaf182520673df,325.00000000
13699161,1618758775,1318470,0x109f09a348a081c1,37.00000000
13699161,1618758775,2469139,0xc1b229300cac7712,17.00000000
13699161,1618758775,8520016,0xf0351377258c2ed5,8.00000000
13699162,1618758781,8160559,0xea9808d5df5ccb75,6.00000000
13699162,1618758781,8099365,0xa64705e9246388da,33.00000000
13699162,1618758781,6320442,0x4023f0893c863294,26.00000000
13699163,1618758783,1152860,0x357b552e5e8221b6,105.00000000
13699163,1618758783,6521545,0x117f68cf9761c02f,40.00000000
13699164,1618758790,594170,0xa3ee3e60bbcc6734,69.00000000
13699164,1618758790,4231624,0x3fa63d882b740f2d,89.00000000
13699164,1618758790,8140389,0xdd6151f54db0165b,34.00000000
13699164,1618758790,4269040,0x59c981ad86ec7512,25.00000000
13699164,1618758790,6753580,0x24e221791f148009,10.00000000
13699165,1618758795,6132129,0x64243d4090cedd41,13.00000000
13699165,1618758795,1969626,0x3a38b893c89f21a8,16.00000000
13699165,1618758795,4292155,0x01d2675fecba4120,60.00000000
13699166,1618758798,6436732,0xce7cc2bd97e45bcc,20.00000000
13699166,1618758798,6568961,0xa87ced5434c3ab60,5.00000000
13699167,1618758800,7617611,0xd366749b6433f470,730.00000000
13699167,1618758800,3777181,0xd4e3e5a85893b060,18.00000000
13699168,1618758803,1593863,0x5b1245ab09c4e7ae,89.00000000
13699168,1618758803,499171,0x3714e3941c151999,777.00000000
13699169,1618758805,8099072,0x359d723363271f79,33.00000000
13699169,1618758805,4640182,0xc78fcfb47664664b,9.00000000
13699169,1618758805,8780295,0x875bf3e7ad0b34a3,22.00000000
13699169,1618758805,1419387,0xd001a1a763db5f59,14.00000000
13699171,1618758811,2312510,0x55467355c7a0bca6,26.00000000
13699171,1618758811,7620754,0x6fc8adfa20609a6a,1990.00000000
13699171,1618758811,4130071,0xac9014b13efa2878,23.00000000
13699172,1618758813,7532851,0x3519b0a5efb59617,9.00000000
13699172,1618758813,984886,0xfec034689ff0c059,330.00000000
13699172,1618758813,7614899,0xd72521752b63aecd,799.00000000
13699173,1618758815,8069100,0xac61e6e8c8ae2a93,33.00000000
13699174,1618758818,7629843,0x703b0c7b29f5d583,1300.00000000
13699174,1618758818,3723456,0x090e6dbf2f17a1e5,6.00000000
13699174,1618758818,6402672,0xa71b0d4d80bbed17,25.00000000
13699176,1618758823,5121362,0x8da9e4a552710d36,5.00000000
13699176,1618758823,2396997,0x79bd0a3859e13cde,270.00000000
13699176,1618758823,3757753,0x8859b5bd1e2e0238,190.00000000
13699177,1618758832,3606138,0x2379394aa4900a6f,6.00000000
13699177,1618758832,5195776,0xad1bf6961a0522a7,420.00000000
13699177,1618758832,7093718,0x4be83ed8eda63539,5.00000000
13699178,1618758834,8151359,0x13186798f3e6f874,520.00000000
13699178,1618758834,6523336,0x9be6b0c85816df7e,40.00000000
13699178,1618758834,2083411,0xeb79b6946c84767f,505.00000000
13699179,1618758841,8171133,0xad9bf014c88949d1,5.00000000
13699179,1618758841,1084165,0x63264aa1b5b0ea33,96.00000000
13699179,1618758841,5320956,0xc81a61526c168f27,240.00000000
13699179,1618758841,3350619,0x582943592415eba5,18.00000000
13699179,1618758841,7872038,0xe808683f7a729bf1,6.00000000
13699179,1618758841,2077586,0x8dde8c9bacda5f02,3160.00000000
13699179,1618758841,8085261,0xd3f9f058ad6559d4,129.00000000
13699179,1618758841,3062451,0x6091d93f9fa0425a,1980.00000000
13699179,1618758841,2272216,0x3030fb5bc2c7680b,66.00000000
13699182,1618758849,8077528,0xb0564358a0cc2260,34.00000000
13699182,1618758849,6633076,0xc999011d85abdad3,5.00000000
13699183,1618758851,8089882,0x91c711ffb4473c1d,100.00000000
13699183,1618758851,7334125,0xa06e28165db28693,10.00000000
13699183,1618758851,6600307,0x32a190f0fb17302b,5.00000000
13699183,1618758851,8089882,0x91c711ffb4473c1d,100.00000000
13699183,1618758851,7334125,0xa06e28165db28693,10.00000000
13699183,1618758851,6600307,0x32a190f0fb17302b,5.00000000
13699184,1618758858,70092,0x60f0f7e6fb167312,148.00000000
13699184,1618758858,947282,0x9ac8ca6addeca7e6,449.00000000
13699184,1618758858,783045,0xa3ee3e60bbcc6734,69.00000000
13699184,1618758858,2987705,0x1b4e5f8b5dd30fdf,11.00000000
13699184,1618758858,3454101,0x372ceaac2050edea,7.00000000
13699185,1618758864,697817,0x5c056a927e4f9094,100.00000000
13699185,1618758864,4624830,0xc796ea6a07e71395,17.00000000
13699186,1618758867,962355,0x812bc37d8af5f113,66.00000000
13699187,1618758873,7629093,0xc987660aafcc39dd,3275.00000000
13699187,1618758873,83445,0xd1c741f2eaf5752f,349.00000000
13699187,1618758873,769666,0x4f9b430175b1cc7f,800.00000000
13699189,1618758878,3405100,0x28102c5662dfb8c8,340.00000000
13699189,1618758878,4272693,0x59c981ad86ec7512,25.00000000
13699190,1618758881,5546003,0xb5cb0deecdde5df6,31.00000000
13699190,1618758881,1880038,0xfec5b64dd6130f3e,15.00000000
13699190,1618758881,2574173,0xf7a6c4a3833109b9,10.00000000
13699190,1618758881,7141486,0xb292d173c4d9824e,6.00000000
13699191,1618758883,2875206,0x0fe9b4984c30ea3f,20.00000000
13699192,1618758886,5826178,0xafaf39410df8ba8e,7.00000000
13699193,1618758888,3517594,0xac9014b13efa2878,20.00000000
13699194,1618758895,6094124,0xd72521752b63aecd,164.00000000
13699194,1618758895,5406334,0xce76f7329e06a1b3,46.00000000
13699195,1618758898,8088825,0xd14698a20f183547,53.00000000
13699195,1618758898,6158121,0xb1e1cfcb9b50e18d,20.00000000
13699195,1618758898,6276853,0x6362b70f298ce791,9.00000000
13699195,1618758898,8114668,0x5c71f284e54fccec,35.00000000
13699195,1618758898,8091099,0x80f8af63fab1b897,35.00000000
13699196,1618758900,5736267,0xae4c7c961c0dd696,6.00000000
13699197,1618758903,594170,0xce3504db642b997d,77.00000000
13699197,1618758903,6519294,0x19857af522bf4d13,38.00000000
13699197,1618758903,3585292,0x2379394aa4900a6f,15.00000000
13699198,1618758907,3126666,0x7a329160f942e6a3,5.00000000
13699198,1618758907,8222827,0xdb777a8bd8c35f6a,50.00000000
13699198,1618758907,3502273,0x23848d6fc198b5b7,88.00000000
13699198,1618758907,4780888,0x73c5b76b061145d9,5.00000000
13699198,1618758907,3852543,0xac55e5dd013a1795,8.00000000
13699199,1618758913,8091784,0xf38a4ff149ddfc4c,34.00000000
13699199,1618758913,8100291,0x7314159ef7da32d8,33.00000000
13699199,1618758913,8113654,0xa64705e9246388da,45.00000000
13699199,1618758913,8081051,0xdd6151f54db0165b,33.00000000
13699199,1618758913,6231362,0xad9bf014c88949d1,5.00000000
13699199,1618758913,5202370,0xc9d013e8ddfb3bd8,85.00000000
13699200,1618758916,6176674,0x32a190f0fb17302b,4.00000000
13699201,1618758919,652426,0x9ebaf182520673df,2400.00000000
13699202,1618758921,8140506,0x64c5fbf3d0cf7dfd,43.00000000
13699202,1618758921,7855805,0x0c4561ac789cb166,4.00000000
13699203,1618758924,7107025,0xc965f309f75e4874,5.00000000
13699203,1618758924,7294645,0x0663cedcf2dc6769,7.00000000
13699203,1618758924,7295844,0xaccf7a27fa6ba4cd,7.00000000
13699203,1618758924,8106270,0x03016dbf93252f0b,120.00000000
13699204,1618758930,4913949,0x35b4e6c6be0718c7,32.00000000
13699204,1618758930,1030231,0x1a2c606b8f8b2b0c,727.00000000
13699204,1618758930,4893980,0x664acc3573524e76,5.00000000
13699204,1618758930,1148688,0xa3ee3e60bbcc6734,64.00000000
13699205,1618758933,8099387,0x856bffa7dbea7479,55.00000000
13699205,1618758933,5397416,0xde066bdf0a95c197,50.00000000
13699205,1618758933,4187821,0xe3f2518b4b7414b9,10.00000000
13699205,1618758933,8780346,0x875bf3e7ad0b34a3,21.00000000
13699206,1618758939,978049,0xd1c741f2eaf5752f,348.00000000
13699206,1618758939,858610,0x70afc08315eef078,51.00000000
13699206,1618758939,5006832,0xe434dc47cd341482,6.00000000
13699206,1618758939,4879102,0xa5412a9feca23101,5.00000000
13699207,1618758942,2659947,0x1389b0a6a6821489,160.00000000
13699207,1618758942,6089524,0xd84dee2412088a5e,225.00000000
13699208,1618758945,963129,0x84507f449c53c26d,83.00000000
13699208,1618758945,1366398,0xf6cd9d7c40180600,640.00000000
13699209,1618758947,8410102,0xe808683f7a729bf1,6.00000000
13699210,1618758950,1501170,0xcb4586d3bce98f22,26.00000000
13699211,1618758953,8065015,0xd3f9f058ad6559d4,115.00000000
13699211,1618758953,5027369,0x35b8a1449bad2393,10.00000000
13699212,1618758955,974877,0x8e6814441a34ffcf,11000.00000000
13699212,1618758955,6231829,0xdbc37ec2752d8f7d,5.00000000
13699212,1618758955,2310163,0x588c433e4802ce1e,74.00000000
13699212,1618758955,1737540,0x4be83ed8eda63539,9.00000000
13699213,1618758958,1901257,0x31657ad637a35a49,399.00000000
13699213,1618758958,3682150,0xac9014b13efa2878,34.00000000
13699213,1618758958,2057566,0x3fa63d882b740f2d,59.00000000
13699214,1618758960,5797604,0x96e6b16e7ed25bd0,24.00000000
13699214,1618758960,4431708,0x90047271c27c5f6b,2106.00000000
13699214,1618758960,4921107,0xfec5b64dd6130f3e,32.00000000
13699214,1618758960,6798435,0xa87ced5434c3ab60,14.00000000
13699214,1618758960,4142910,0x58a34bd1142925f3,22.00000000
13699214,1618758960,3354636,0x21cf368efa121c0b,499.00000000
13699215,1618758963,8355141,0x1b4e5f8b5dd30fdf,15.00000000
13699216,1618758965,5440092,0x6f22f7e13eb39133,70.00000000
13699216,1618758965,4822116,0xb18777b754e5b255,53.00000000
13699216,1618758965,8764955,0x5c71f284e54fccec,30.00000000
13699216,1618758965,2062939,0x5e2da75ba51ed1d1,50.00000000
13699217,1618758968,4199926,0x0b078c90b980610d,49.00000000
13699217,1618758968,5747147,0x64243d4090cedd41,18.00000000
13699217,1618758968,6537236,0x20fc35fbc61f7353,42.00000000
13699218,1618758970,4370681,0xafaf39410df8ba8e,7.00000000
13699219,1618758977,3174116,0x582943592415eba5,9.00000000
13699219,1618758977,608213,0x63264aa1b5b0ea33,255.00000000
13699220,1618758979,1193398,0xe4455f973f4b81fc,100.00000000
13699222,1618758985,2632842,0x53abd2727d1eff22,12.00000000
13699223,1618758987,2673764,0xeca9a8d26db0b0e5,270.00000000
13699223,1618758987,571603,0x5b51b642f3e9df60,675.00000000
13699223,1618758987,1209970,0x6fc8adfa20609a6a,16.00000000
13699224,1618758990,7790873,0xad9bf014c88949d1,5.00000000
13699224,1618758990,4271501,0x59c981ad86ec7512,25.00000000
13699225,1618758992,5872880,0xa06e28165db28693,10.00000000
13699225,1618758992,7011020,0x25e520c75c7b5430,6.00000000
13699227,1618758998,3997360,0x3a0903f8154c0af1,5.00000000
13699227,1618758998,2405674,0x1fb114a6bf3d8da2,15.00000000
13699228,1618759000,7631746,0xcc2fb9d4ec50a272,280.00000000
13699228,1618759000,4810369,0xa5412a9feca23101,5.00000000
13699228,1618759000,8282347,0xa8b040831caeb125,5.00000000
13699229,1618759003,637671,0xa3ee3e60bbcc6734,64.00000000
13699230,1618759005,8589654,0x111d8cba90a0f1e9,20.00000000
13699230,1618759005,842244,0x1a2c606b8f8b2b0c,1199.00000000
13699231,1618759008,4660882,0x0f07b28a9a978378,7.00000000
13699231,1618759008,8090006,0xdbb213fa7169e081,1000.00000000
13699231,1618759008,8107502,0xa64705e9246388da,38.00000000
13699233,1618759028,6859697,0x99cc1e75ec7818d5,7.00000000
13699233,1618759028,76207,0xf0a0d5cf68e75217,1250.00000000
13699233,1618759028,5225005,0xce76f7329e06a1b3,30.00000000
13699233,1618759028,5859206,0xac9014b13efa2878,57.00000000
13699233,1618759028,6417522,0xbbb74ab3ef27249c,26.00000000
13699233,1618759028,5928493,0x664acc3573524e76,8.00000000
13699233,1618759028,1318470,0xdf5c5d07e4881137,43.00000000
13699233,1618759028,4893980,0x241d193e55eec5da,6.00000000
13699233,1618759028,7619732,0xc987660aafcc39dd,100000.00000000
13699233,1618759028,8056805,0xde478c4949208354,40.00000000
13699233,1618759028,1514503,0xf6cd9d7c40180600,120.00000000
13699233,1618759028,4137752,0xfe4361a50e97adc0,21.00000000
13699233,1618759028,783045,0x01a8435df03df71e,78.00000000
13699233,1618759028,3305924,0x5115645b058ce932,5.00000000
13699233,1618759028,5573968,0x4b6ed24a85081f62,50.00000000
13699233,1618759028,3010259,0x00323d498351886b,6.00000000
13699234,1618759030,6292609,0xe808683f7a729bf1,6.00000000
13699235,1618759034,5813191,0xe24af3ae4b0d33d7,6.00000000
13699235,1618759034,4742962,0xf6e945b57f14e5b4,5.00000000
13699236,1618759037,5305246,0xbb6a0d5dabf0e60d,35.00000000
13699237,1618759039,4226432,0x4c74295286c50c54,125.00000000
13699239,1618759045,7813320,0x362d99e0140f2f02,10.00000000
13699239,1618759045,8427139,0xcaaa261f180056aa,5.00000000
13699239,1618759045,3172079,0x8a9ab1cc8a40177c,7.00000000
13699241,1618759050,1501170,0x20ba33c3f80eafe3,30.00000000
13699241,1618759050,4006198,0x1744292bdc88b580,7.00000000
13699241,1618759050,7292196,0xdb777a8bd8c35f6a,50.00000000
13699241,1618759050,7509483,0x455d2082ce80e3f5,15.00000000
13699241,1618759050,5120802,0x974c3220c7902283,6.00000000
13699241,1618759050,1674433,0xf7a6c4a3833109b9,37.00000000
13699241,1618759050,8787808,0x7e8e5faedaa8f16e,5.00000000
13699241,1618759050,6078311,0xd4caa43098da1203,169.00000000
13699241,1618759050,5796469,0xfd7e2e20bf24e845,27.00000000
13699242,1618759052,921027,0xc84a83eb03d469d5,229.00000000
13699242,1618759052,6998124,0x86054da520fda5a7,17.00000000
13699242,1618759052,2269448,0xca40a897ad4c7e49,244.00000000
13699242,1618759052,6934142,0x71cacba0a77bef05,5.00000000
13699243,1618759055,8220949,0xad9bf014c88949d1,5.00000000
13699243,1618759055,4774438,0x383c627431fb2e53,7.00000000
13699244,1618759058,4266656,0x7d3d903938cc3b19,25.00000000
13699244,1618759058,2044626,0x1389b0a6a6821489,125.00000000
13699245,1618759060,637967,0x006afe005ce9eeeb,80.00000000
13699245,1618759060,8106709,0x3b1fd204673ddf24,60.00000000
13699245,1618759060,6074613,0xd0276deebe37111a,150.00000000
13699245,1618759060,556103,0x7d2f8a2831dded81,61.00000000
13699246,1618759063,1129120,0x74b00a2d4d72ae5b,95.00000000
13699246,1618759063,8059833,0xdd6151f54db0165b,32.00000000
13699246,1618759063,4967996,0xc1cc85a873c08088,34.00000000
13699247,1618759065,7067991,0x5060b484418128fd,6.00000000
13699248,1618759072,8410102,0xc8304901e9682569,7.00000000
13699248,1618759072,6402672,0x79b772c7db00e37a,53.00000000
13699248,1618759072,624696,0xa3ee3e60bbcc6734,63.00000000
13699248,1618759072,3981275,0xa5412a9feca23101,5.00000000
13699248,1618759072,5108938,0xe43b840496808a85,6.00000000
13699249,1618759075,3536360,0xeca9a8d26db0b0e5,255.00000000
13699249,1618759075,386651,0x1b4e5f8b5dd30fdf,77.00000000
13699249,1618759075,6926929,0x58a34bd1142925f3,9.00000000
13699250,1618759081,8462180,0xea9808d5df5ccb75,7.00000000
13699250,1618759081,3437300,0xfec5b64dd6130f3e,9.00000000
13699250,1618759081,3158827,0x78e36117c97e0807,30.00000000
13699250,1618759081,2057137,0x2799862c668de3be,72.00000000
13699250,1618759081,7515004,0xd72521752b63aecd,14.00000000
13699250,1618759081,8355141,0x84507f449c53c26d,19.00000000
13699250,1618759081,6541226,0x92be774732575780,40.00000000
13699250,1618759081,4273162,0x59c981ad86ec7512,24.00000000
13699250,1618759081,7996552,0x2514a5957c88aa38,99.00000000
13699250,1618759081,3508686,0x23848d6fc198b5b7,56.00000000
13699251,1618759084,4954868,0xc2864d057c15ebdc,65.00000000
13699251,1618759084,952047,0x58b2a1e87893fd27,107.00000000
13699251,1618759084,6585022,0x6d06302510331903,39.00000000
13699252,1618759090,8063730,0x3fa63d882b740f2d,33.00000000
13699252,1618759090,6518372,0xe1bf3afecc00f2ea,48.00000000
13699252,1618759090,7327331,0xf5047616e583adb3,6.00000000
13699252,1618759090,440687,0x1a2c606b8f8b2b0c,389.00000000
13699252,1618759090,1122474,0x616d1ea9958fe890,87.00000000
13699252,1618759090,8246109,0xe110e0ffb2408631,6.00000000
13699252,1618759090,1642843,0x332224d3e24d919f,14.00000000
13699252,1618759090,2269451,0xf2f2d3edb4840e73,229.00000000
13699252,1618759090,594170,0x07575b0c65d26aa1,99.00000000
13699253,1618759093,2948257,0xcc2fb9d4ec50a272,55.00000000
13699253,1618759093,906633,0x2977aae9494edbd9,110.00000000
13699253,1618759093,3486882,0xc796ea6a07e71395,11.00000000
13699253,1618759093,8780346,0x875bf3e7ad0b34a3,23.00000000
13699254,1618759096,1519917,0x02827a04f74751e6,40.00000000
13699254,1618759096,567318,0x63264aa1b5b0ea33,735.00000000
13699255,1618759099,4648202,0x4be83ed8eda63539,35.00000000
13699255,1618759099,7960772,0xafaf39410df8ba8e,7.00000000
13699255,1618759099,5329350,0x725919ebc9837543,68.00000000
13699255,1618759099,8097453,0xf6e945b57f14e5b4,33.00000000
13699256,1618759101,884713,0xec1ff46a4433b943,800.00000000
13699256,1618759101,7328751,0x5115645b058ce932,5.00000000
13699257,1618759104,6176674,0x719f452b2c19ebe8,5.00000000
13699257,1618759104,4254527,0xe4455f973f4b81fc,65.00000000
13699257,1618759104,6241068,0x67281cc3e1c71640,80.00000000
13699258,1618759106,923162,0x8aec07def57ce831,13.00000000
13699259,1618759108,4737116,0x8fc8d48f91bdd19d,5.00000000
13699259,1618759108,2045317,0x1dc6b6f84d7311cf,77.00000000
13699261,1618759114,6474081,0x375f4679db9d8a3c,9.00000000
13699261,1618759114,1997578,0xf5207a4c71106dbd,98.00000000
13699261,1618759114,3909844,0xe808683f7a729bf1,10.00000000
13699264,1618759121,876526,0x664acc3573524e76,10.00000000
13699264,1618759121,5103645,0x63c9470da4915c2a,29.00000000
13699266,1618759126,6506417,0xd3f9f058ad6559d4,149.00000000
13699268,1618759132,5363762,0xce76f7329e06a1b3,34.00000000
13699268,1618759132,8109665,0xa64705e9246388da,47.00000000
13699268,1618759132,8013588,0x455d2082ce80e3f5,17.00000000
13699269,1618759134,7821473,0xc896215376be8e98,7.00000000
13699269,1618759134,2824971,0x788acd593bf2b19e,64.00000000
13699270,1618759137,3497872,0x221ce605e6e2e152,85.00000000
13699270,1618759137,8200476,0x1744292bdc88b580,5.00000000
13699271,1618759144,2396997,0x79bd0a3859e13cde,260.00000000
13699271,1618759144,2397587,0x8547716ad9433ca6,1850.00000000
13699271,1618759144,8067406,0x192daf4d8c188ac3,32.00000000
13699271,1618759144,612519,0xa3ee3e60bbcc6734,63.00000000
13699271,1618759144,8087167,0x59e5ac07a205356e,61.00000000
13699272,1618759147,6242971,0x8f429076c70c6b8d,91.00000000
13699272,1618759147,1808436,0x8a9ab1cc8a40177c,98.00000000
13699272,1618759147,8457786,0x6d5518301c86ff7f,73.00000000
13699272,1618759147,8090387,0x880f6879d6a7003a,1000.00000000
13699272,1618759147,6521405,0x96768207f785c36c,39.00000000
13699273,1618759151,8110357,0xdd6151f54db0165b,47.00000000
13699274,1618759153,583729,0x74b00a2d4d72ae5b,75.00000000
13699274,1618759153,8085262,0xe6e6097585ca51b7,110.00000000
13699274,1618759153,5691822,0x85b33a938da6ae75,6.00000000
13699275,1618759155,6066300,0xc4628b1c3a54d2af,145.00000000
13699275,1618759155,6209200,0xbebc7e1b97008a38,6.00000000
13699275,1618759155,5166389,0xad9bf014c88949d1,5.00000000
13699276,1618759161,4271607,0x59c981ad86ec7512,24.00000000
13699276,1618759161,2929552,0xbfeef0d0e9fbdc8b,11.00000000
13699276,1618759161,7540615,0xc332474b42735cf9,13.00000000
13699277,1618759164,3736369,0xb189683bae5a874a,4999.00000000
13699279,1618759170,6934142,0x8935af5530151d36,6.00000000
13699279,1618759170,8129456,0x985c6e6b7da4c280,45.00000000
13699280,1618759172,2902775,0x24209322cdc6af53,11.00000000
13699280,1618759172,2664744,0xd72521752b63aecd,79.00000000
13699282,1618759177,945373,0x7eff7fe655efbb49,790.00000000
13699283,1618759180,7060922,0x6d06302510331903,25.00000000
13699284,1618759183,5674112,0x5115645b058ce932,4.00000000
13699284,1618759183,31538,0xfec034689ff0c059,650.00000000
13699285,1618759185,637671,0xdb6aec4a21f9344f,72.00000000
13699285,1618759185,5268857,0x02827a04f74751e6,70.00000000
13699285,1618759185,6771735,0x3963d676cd7de66e,20.00000000
13699286,1618759188,6983937,0xc2337977fd2fbbca,6.00000000
13699286,1618759188,6031695,0x0a1a15573ebc3c87,130.00000000
13699286,1618759188,3981275,0x834938fac7c07cab,6.00000000
13699286,1618759188,1376381,0x8aec07def57ce831,17.00000000
13699286,1618759188,132541,0x69d604ec78518c70,750.00000000
13699286,1618759188,864920,0xec1ff46a4433b943,1500.00000000
13699287,1618759191,7387970,0xfbd3c1b6111fb898,5.00000000
13699287,1618759191,8168419,0xa0a2c94f482a3f6a,4.00000000
13699291,1618759200,2393674,0xc6e086131bb47faa,315.00000000
13699291,1618759200,2813932,0x22f3eb56acbb80b1,7.00000000
13699291,1618759200,2930689,0xec922737540f305e,10.00000000
13699291,1618759200,6325925,0x58a34bd1142925f3,15.00000000
13699292,1618759203,8542326,0xf4d534f32a8390f8,6.00000000
13699292,1618759203,4052180,0x6ca29762b89c0a10,8.00000000
13699292,1618759203,6282307,0x64243d4090cedd41,5.00000000
13699293,1618759206,2272740,0x3030fb5bc2c7680b,63.00000000
13699294,1618759208,4910988,0xfec5b64dd6130f3e,39.00000000
13699294,1618759208,4547313,0x0f07b28a9a978378,8.00000000
13699296,1618759213,772292,0xc84a83eb03d469d5,377.00000000
13699296,1618759213,7085257,0xf444e332249fabff,7.00000000
13699297,1618759216,4151052,0x1b4e5f8b5dd30fdf,7.00000000
13699297,1618759216,8058512,0xc4c6813b2733ae2d,60.00000000
13699298,1618759218,8187578,0xf6158d250b3d79d1,25.00000000
13699298,1618759218,7371699,0x59e5ac07a205356e,31.00000000
13699299,1618759221,499454,0x22177a52e3489d4d,499.00000000
13699299,1618759221,3568969,0xe808683f7a729bf1,12.00000000
13699300,1618759224,8094460,0xb9253e26f3910e15,32.00000000
13699301,1618759226,6241068,0x84507f449c53c26d,90.00000000
13699302,1618759229,4263428,0x59c981ad86ec7512,24.00000000
13699302,1618759229,5973306,0x1cc979a0feab3961,5.00000000
13699302,1618759229,892353,0xd41da1a5583001f4,88.00000000
13699303,1618759232,6584523,0x455d2082ce80e3f5,12.00000000
13699303,1618759232,8098953,0xd23f8810b221f3a4,500.00000000
13699303,1618759232,7357520,0x2727590234ba3354,15.00000000
13699304,1618759234,341456,0xe9f01db7156a7e5d,43.00000000
13699304,1618759234,5637724,0xc288bc6170912441,6.00000000
13699305,1618759237,2898855,0xa8f35d7d4bc0a493,28.00000000
13699305,1618759237,5176420,0x724bd7963075579b,145.00000000
13699305,1618759237,7855805,0x6dcefa814000e9fd,5.00000000
13699305,1618759237,3702646,0xcd19387bc2c6d5b7,5.00000000
13699307,1618759242,3099638,0xca40a897ad4c7e49,34.00000000
13699308,1618759248,3167992,0x4be83ed8eda63539,8.00000000
13699308,1618759248,3163815,0x795c80fa7f6de824,79.00000000
13699308,1618759248,569091,0xa3ee3e60bbcc6734,43.00000000
13699310,1618759253,3126511,0xf5047616e583adb3,7.00000000
13699310,1618759253,2102768,0xed5a36f98add024f,50.00000000
13699310,1618759253,5904487,0x2514a5957c88aa38,25.00000000
13699310,1618759253,8053184,0xa64705e9246388da,35.00000000
13699311,1618759255,1916603,0x02827a04f74751e6,95.00000000
13699312,1618759258,876526,0x5fe469b817d51f24,11.00000000
13699314,1618759263,6147272,0xbebc7e1b97008a38,13.00000000
13699314,1618759263,3406971,0xec1ff46a4433b943,300.00000000
13699314,1618759263,4633100,0x6b32b160cd7ca557,10.00000000
13699314,1618759263,5283806,0xb3118ab9c63688e5,27.00000000
13699315,1618759265,4670327,0xc796ea6a07e71395,6.00000000
13699315,1618759265,8147015,0xd8eafbc27171538f,40.00000000
13699316,1618759268,2587803,0x664acc3573524e76,14.00000000
13699316,1618759268,4243420,0x9aef957f0a946107,82.00000000
13699317,1618759271,6764504,0xa1d71891e1a9af38,24.00000000
13699317,1618759271,8141558,0x2ea539cc8a06b6d5,48.00000000
13699317,1618759271,2123047,0x9530d9442d1d672c,16.00000000
13699317,1618759271,8068043,0x3c18273f50d8f0cb,250.00000000
13699319,1618759279,4101381,0xabcde2d09fd8ef5a,9.00000000
13699319,1618759279,298941,0x697348fa72cbdd8d,100.00000000
13699319,1618759279,6885924,0x169708ba7cb70e25,7.00000000
13699319,1618759279,234300,0xcba4ae880ad3d51c,55.00000000
13699319,1618759279,8568142,0xa7f94c2228ce68fe,20.00000000
13699319,1618759279,4648651,0x5115645b058ce932,23.00000000
13699319,1618759279,4431547,0x20ba33c3f80eafe3,14.00000000
13699319,1618759279,8751101,0xfbd3c1b6111fb898,6.00000000
13699320,1618759281,48717,0x3c2c876dbf0cc56e,3632.00000000
13699320,1618759281,1152860,0x357b552e5e8221b6,105.00000000
13699320,1618759281,8106403,0x323c76b9eb889d06,105.00000000
13699322,1618759286,3316220,0xe808683f7a729bf1,6.00000000
13699323,1618759289,6431255,0x3fc47a9a0af53648,26.00000000
13699323,1618759289,73805,0x169265762ee16a5d,4850.00000000
13699323,1618759289,794041,0x2977aae9494edbd9,140.00000000
13699323,1618759289,6859697,0x1626163455a846a9,9.00000000
13699324,1618759291,2771015,0x31c5618869b3610e,6.00000000
13699326,1618759296,7047410,0x7049320c6e5abc90,6.00000000
13699327,1618759299,5797579,0x59c981ad86ec7512,24.00000000
13699327,1618759299,186021,0xeca9a8d26db0b0e5,160.00000000
13699328,1618759301,7993355,0x4b6ed24a85081f62,6.00000000
13699328,1618759301,6125289,0x6c7a68d2e80cdede,12.00000000
13699328,1618759301,8130509,0xcfcf13d9d2fa7c58,45.00000000
13699329,1618759304,7460033,0x455d2082ce80e3f5,13.00000000
13699329,1618759304,6282307,0x241d193e55eec5da,6.00000000
13699329,1618759304,5765168,0x22f61e87688764cf,6.00000000
13699329,1618759304,2290586,0x2c04aec3cf0e6eb4,33.00000000
13699330,1618759307,4127370,0xb83b825b57172ff4,24.00000000
13699330,1618759307,5748845,0x1bf47eca0c5ee415,19.00000000
13699331,1618759313,2608629,0x92f6ba9f061e4a6f,15.00000000
13699331,1618759313,5072877,0x0fb4f40a6c9dc5bf,5.00000000
13699332,1618759316,669914,0xa3ee3e60bbcc6734,39.00000000
13699333,1618759319,1687543,0x88aa87f7a1058e9e,12.00000000
13699333,1618759319,5674112,0xd4e3e5a85893b060,5.00000000
13699335,1618759324,5414613,0xce76f7329e06a1b3,41.00000000
13699336,1618759326,171945,0x4f0da0031b60ccd6,1180.00000000
13699337,1618759329,3826543,0xe43b840496808a85,35.00000000
13699337,1618759329,2643932,0x2727590234ba3354,3000.00000000
13699338,1618759331,5107190,0x7d731469cb9fb882,5.00000000
13699338,1618759331,1002473,0x60f0f7e6fb167312,187.00000000
13699339,1618759334,2357915,0x2bd9b0c84a9b3862,40.00000000
13699341,1618759339,7127364,0xbebc7e1b97008a38,7.00000000
13699341,1618759339,8239973,0xd3f9f058ad6559d4,99.00000000
13699341,1618759339,5088277,0xfbd3c1b6111fb898,5.00000000
13699341,1618759339,1209970,0x6fc8adfa20609a6a,15.00000000
13699343,1618759348,696715,0x89deb27ed4b56a8d,549.00000000
13699343,1618759348,3568969,0xce7cc2bd97e45bcc,15.00000000
13699343,1618759348,8087158,0x38f39cec5a7d32f9,61.00000000
13699343,1618759348,1140135,0xf7a6c4a3833109b9,80.00000000
13699343,1618759348,4248668,0x2d6fbb9231d2c2b1,78.00000000
13699343,1618759348,8116532,0xd3153758df33ef43,35.00000000
13699344,1618759350,689000,0xabda7b1a69dc70c2,10000.00000000
13699344,1618759350,4256384,0xc367becb1fb6a4f7,669.00000000
13699344,1618759350,3193020,0xab8173fe389d4751,7.00000000
13699344,1618759350,871830,0xf6cd9d7c40180600,825.00000000
13699345,1618759353,2270929,0xeee36e87aa956b79,69.00000000
13699345,1618759353,2312510,0xc8304901e9682569,32.00000000
13699345,1618759353,8054331,0xdd6151f54db0165b,33.00000000
13699345,1618759353,3357112,0x1b4e5f8b5dd30fdf,44.00000000
13699346,1618759364,2066358,0x337c959711bd3634,114.00000000
13699346,1618759364,3465125,0xfec5b64dd6130f3e,6.00000000
13699346,1618759364,3163860,0x3963d676cd7de66e,40.00000000
13699346,1618759364,4874787,0xad9bf014c88949d1,6.00000000
13699346,1618759364,4461158,0x3e0e44ae86ed210b,145.00000000
13699346,1618759364,612519,0x2126ebb657cde5fd,69.00000000
13699346,1618759364,1099381,0x554a964e72bc0936,40.00000000
13699346,1618759364,7086743,0x375f4679db9d8a3c,7.00000000
13699346,1618759364,6044348,0x2f9d058995e1ad31,209.00000000
13699346,1618759364,4954711,0x7d2f8a2831dded81,63.00000000
13699346,1618759364,8118983,0xc08afb9de5709674,44.00000000
13699346,1618759364,8113387,0xa64705e9246388da,44.00000000
13699348,1618759369,1204138,0x5338c45e8c8bcc0f,70.00000000
13699348,1618759369,6069184,0xcc55a7adad73cd74,422.00000000
13699348,1618759369,945373,0x7eff7fe655efbb49,735.00000000
13699348,1618759369,47898,0xeca9a8d26db0b0e5,495.00000000
13699348,1618759369,826902,0x795cf7f1a9ca14c7,1175.00000000
13699349,1618759372,4797270,0xda890a054d34870e,45.00000000
13699351,1618759377,541202,0xe4455f973f4b81fc,50000.00000000
13699351,1618759377,938250,0x27c19008a45c20e3,794.00000000
13699352,1618759380,2721816,0xa3ee3e60bbcc6734,35.00000000
13699352,1618759380,7620240,0x12d7e1f26bb9f968,1799.00000000
13699352,1618759380,2100141,0xed5a36f98add024f,54.00000000
13699352,1618759380,2700600,0xd0d217d270f085af,4499.00000000
13699353,1618759382,5436429,0x92f6ba9f061e4a6f,50.00000000
13699354,1618759385,1722841,0x169265762ee16a5d,4750.00000000
13699355,1618759387,3724095,0x31c5618869b3610e,5.00000000
13699356,1618759390,8427941,0xc300d89b51945a56,6.00000000
13699356,1618759390,5217474,0xce76f7329e06a1b3,62.00000000
13699356,1618759390,8070150,0xb9107b222df81e6c,59.00000000
13699356,1618759390,7626937,0x2af1568f15127b53,346.00000000
13699357,1618759393,7877895,0x3c69d3e474009956,17.00000000
13699359,1618759398,8107794,0x7049320c6e5abc90,33.00000000
13699359,1618759398,2273483,0xaea875709eec9c96,67.00000000
13699359,1618759398,569091,0xb215afbc4b6d712a,50.00000000
13699359,1618759398,8342505,0x338f48cbee5bc677,7.00000000
13699359,1618759398,8065802,0xb9253e26f3910e15,31.00000000
13699360,1618759404,7626323,0x0bc0bd1094470757,250.00000000
13699360,1618759404,6613536,0x6ad94ca44c6f4f5c,900.00000000
13699360,1618759404,3937328,0x332224d3e24d919f,5.00000000
13699360,1618759404,3665617,0x7c12e024973ecd42,50.00000000
13699360,1618759404,8335320,0x455d2082ce80e3f5,18.00000000
13699360,1618759404,5375931,0x109f09a348a081c1,73.00000000
13699360,1618759404,4269242,0x59c981ad86ec7512,24.00000000
13699361,1618759407,5624009,0xc59dcb56d80f5d30,10.00000000
13699362,1618759410,969126,0x9ac8ca6addeca7e6,65.00000000
13699363,1618759415,7338684,0xcfcf13d9d2fa7c58,50.00000000
13699363,1618759415,1666866,0x85706d6135b17309,9.00000000
13699363,1618759415,7407570,0xab8173fe389d4751,12.00000000
13699363,1618759415,7130196,0x53e10b2aabb74f3a,8.00000000
13699363,1618759415,3891328,0xdb5300242c01e5e0,350.00000000
13699363,1618759415,6402672,0x79b772c7db00e37a,52.00000000
13699363,1618759415,2419844,0x8f806ea3282be76b,9.00000000
13699363,1618759415,6048925,0xdd6151f54db0165b,675.00000000
13699364,1618759418,4808271,0xdb5c8cf4dc2a585d,5.00000000
13699364,1618759418,3525285,0x0bdaca804ba125fb,939.00000000
13699365,1618759423,1829989,0xa9e9cbfc47639de8,25.00000000
13699365,1618759423,6041842,0x2f9d058995e1ad31,118.00000000
13699365,1618759423,7817535,0xec9fbe66ab4a7189,4.00000000
13699365,1618759423,7047410,0xf8e9ccfafb486bcd,7.00000000
13699366,1618759426,4674084,0xa24814bb8a67084b,75.00000000
13699367,1618759428,2061580,0x9b48c3112a1e2dc5,55.00000000
13699370,1618759436,2395200,0x48273ea31f918e3a,927.00000000
13699371,1618759439,5815822,0x7f8109ea1294085b,6.00000000
13699371,1618759439,6125289,0x82cd83600e7d6e14,13.00000000
13699371,1618759439,4434492,0x8f429076c70c6b8d,106.00000000
13699372,1618759441,3485925,0xfec5b64dd6130f3e,11.00000000
13699372,1618759441,8373625,0x9ebaf182520673df,1050.00000000
13699372,1618759441,6365919,0x320c297ab11015e4,19.00000000
13699374,1618759450,7776690,0x3082588d05700b10,500.00000000
13699374,1618759450,7549060,0x88fbcc6999f739f6,20.00000000
13699374,1618759450,4137518,0x3e0e44ae86ed210b,45.00000000
13699374,1618759450,2390345,0xa51c84e53a34e403,270.00000000
13699375,1618759453,6528760,0x5a0290af37ac89d4,50.00000000
13699375,1618759453,6068625,0x0ebaa80ed5d165b3,522.00000000
13699376,1618759455,562503,0xc84a83eb03d469d5,222.00000000
13699376,1618759455,1543349,0x1b7996edac48e5ad,10000.00000000
13699377,1618759461,8182091,0xec922737540f305e,5.00000000
13699377,1618759461,6344322,0x07aeb3df93d6609d,13.00000000
13699377,1618759461,5287221,0xe110e0ffb2408631,24.00000000
13699377,1618759461,6541596,0xf929b0b5f36dade8,50.00000000
13699377,1618759461,6033631,0x277dc3bb82e1ddf8,120.00000000
13699377,1618759461,5357066,0xd3153758df33ef43,24.00000000
13699378,1618759464,8147015,0x2ea539cc8a06b6d5,48.00000000
13699379,1618759467,4987037,0x354d791e9ea4ee18,165.00000000
13699379,1618759467,3147585,0x3fc47a9a0af53648,35.00000000
13699379,1618759467,8098049,0x8b075883e4d98cfe,35.00000000
13699379,1618759467,8104512,0x1389b0a6a6821489,129.00000000
13699380,1618759470,158556,0xe023e28b63c3b8f4,1272.00000000
13699380,1618759470,4953777,0xe4455f973f4b81fc,2000.00000000
13699380,1618759470,8145778,0xa64705e9246388da,42.00000000
13699380,1618759470,223529,0xf0d1cefd578a9095,1169.00000000
13699381,1618759473,3980783,0xdbb213fa7169e081,15.00000000
13699382,1618759475,5336111,0xce76f7329e06a1b3,105.00000000
13699382,1618759475,6029114,0x92f6ba9f061e4a6f,1000.00000000
13699383,1618759478,1471398,0xbebc7e1b97008a38,20.00000000
13699383,1618759478,1364312,0x109f09a348a081c1,24.00000000
13699383,1618759478,8353667,0x8ed1c52d2e121a49,7.00000000
13699383,1618759478,7502829,0x45b554626f179c63,6.00000000
13699384,1618759484,6059199,0x06fb7e23003f2699,260.00000000
13699384,1618759484,4152331,0xc796ea6a07e71395,8.00000000
13699384,1618759484,7122971,0x2d17fde5afe4a3fc,9.00000000
13699384,1618759484,7079576,0xd07b50c862354cba,150.00000000
13699384,1618759484,41464,0x26c3c6feb3b99e60,600.00000000
13699385,1618759486,769580,0x169265762ee16a5d,2555.00000000
13699386,1618759489,6836133,0x9eaa660fc213d92b,212.00000000
13699386,1618759489,7620632,0x98bb0fb80c8406ca,6100.00000000
13699386,1618759489,2553245,0x554a964e72bc0936,30.00000000
13699387,1618759492,8151473,0x47ac18446f49f8bd,130.00000000
13699387,1618759492,5693426,0x73c220301be4a12e,7.00000000
13699388,1618759494,669914,0xa290486cfcb7d426,47.00000000
13699388,1618759494,2200699,0xa1d71891e1a9af38,132.00000000
13699388,1618759494,1015626,0x981fa6076cdba511,109.00000000
13699389,1618759497,6116764,0x56a9cd959f4b5f37,18.00000000
13699389,1618759497,4939785,0x7d2f8a2831dded81,40.00000000
13699390,1618759499,7377107,0x86f4f28c5daa8297,6.00000000
13699390,1618759499,6453568,0x84ffa545e213b6b6,5.00000000
13699390,1618759499,876526,0x19325bf9f7933695,14.00000000
13699391,1618759502,8497456,0x5ff5cff01de2b3b6,10.00000000
13699391,1618759502,8114810,0x0c03676b1df5ba2c,39.00000000
13699393,1618759507,6072736,0x02d542960e737638,775.00000000
13699393,1618759507,4252797,0x770862971a969096,25.00000000
13699393,1618759507,6073425,0x71002e01fefaed53,160.00000000
13699393,1618759507,2432974,0x8f806ea3282be76b,10.00000000
13699394,1618759509,5173751,0x0607b7b29998eb61,15.00000000
13699394,1618759509,5791511,0x59c981ad86ec7512,24.00000000
13699394,1618759509,7777265,0xf3f9d9a0b4cc9558,24.00000000
13699395,1618759516,7063336,0xb81f5a92681bcc40,9.00000000
13699395,1618759516,7312053,0xfbd3c1b6111fb898,6.00000000
13699395,1618759516,2721816,0x47cca5c1016b4157,43.00000000
13699395,1618759516,3109734,0x70c0cb528d3bfaed,16.00000000
13699395,1618759516,2703586,0xa9972aebe8749853,2239.00000000
13699395,1618759516,3147168,0xab8173fe389d4751,47.00000000
13699395,1618759516,8595798,0x9ac5bd2c8feacb49,22.00000000
13699395,1618759516,7460033,0x455d2082ce80e3f5,30.00000000
13699395,1618759516,8223888,0x88f34e0154b566dd,10.00000000
13699396,1618759519,3104989,0x9530d9442d1d672c,30.00000000
13699396,1618759519,8372709,0xea664d266909fc86,10.00000000
13699396,1618759519,6787060,0x5a0290af37ac89d4,25.00000000
13699396,1618759519,4101415,0xabcde2d09fd8ef5a,10.00000000
13699397,1618759521,5192286,0xc7b24557b534db38,11500.00000000
13699397,1618759521,7603117,0xdbd241695f86258e,111.00000000
13699397,1618759521,6496847,0xdfab33bbc8af2875,5.00000000
13699397,1618759521,945373,0x7f155df0e39d7a5c,789.00000000
13699397,1618759521,6917470,0xdbc37ec2752d8f7d,4.00000000
13699398,1618759524,6541292,0xae4e691713632afc,37.00000000
13699399,1618759527,8088849,0xdd6151f54db0165b,38.00000000
13699400,1618759529,8136294,0x16c9f58fe9caddc8,30.00000000
13699400,1618759529,5820363,0xd3f9f058ad6559d4,244.00000000
13699400,1618759529,7303153,0xc9884843cf510aa4,10.00000000
13699401,1618759532,6035943,0x0ebaa80ed5d165b3,311.00000000
13699401,1618759532,3254347,0xfec5b64dd6130f3e,5.00000000
13699401,1618759532,7911704,0x6e6648c60cf2581f,10.00000000
13699401,1618759532,6539531,0x7d6b986fb6544b3c,40.00000000
13699401,1618759532,550708,0x169708ba7cb70e25,88.00000000
13699401,1618759532,967007,0xe329c7f05ed3c85a,80.00000000
13699402,1618759534,2021179,0xa8f35d7d4bc0a493,26.00000000
13699403,1618759536,5620281,0x1bf5ec68b03cead0,527.00000000
13699405,1618759542,8321291,0xdbb213fa7169e081,25.00000000
13699405,1618759542,1031233,0x8acf484cd785ef72,130.00000000
13699405,1618759542,3984338,0x0de59be3f5c991f6,30.00000000
13699406,1618759544,8100823,0x61e4456ee6582029,34.00000000
13699406,1618759544,7819129,0x3082588d05700b10,500.00000000
13699406,1618759544,8087167,0x0e880c5b2d643c43,81.00000000
13699406,1618759544,984202,0xcd08e9381e5685c6,350.00000000
13699406,1618759544,938250,0x27c19008a45c20e3,789.00000000
13699407,1618759550,871910,0xc84a83eb03d469d5,1255.00000000
13699407,1618759550,306251,0x89deb27ed4b56a8d,749.00000000
13699407,1618759550,4722319,0x0ac1f5d94b4a9ae0,4.00000000
13699407,1618759550,8376946,0x66aca658c5f45562,5.00000000
13699407,1618759550,6024667,0x6acb6d30ae2cc69b,369.00000000
13699408,1618759553,7815795,0xf66c147ff912e478,15.00000000
13699408,1618759553,5326176,0xbb6a0d5dabf0e60d,70.00000000
13699409,1618759556,5377482,0xce76f7329e06a1b3,70.00000000
13699409,1618759556,2033466,0x03ede6ce87feedda,67.00000000
13699410,1618759562,1152860,0x357b552e5e8221b6,103.00000000
13699410,1618759562,8124773,0xaa61c7fffa35a362,42.00000000
13699410,1618759562,8693036,0x3c18273f50d8f0cb,250.00000000
13699410,1618759562,6858541,0xa7f94c2228ce68fe,35.00000000
13699410,1618759562,2080827,0x23848d6fc198b5b7,3475.00000000
13699410,1618759562,6333781,0x5ff5cff01de2b3b6,11.00000000
13699410,1618759562,3160069,0x6323c98511dd74c9,104.00000000
13699410,1618759562,8534054,0x7049320c6e5abc90,20.00000000
13699411,1618759565,2999753,0x6dcaea06b581285f,29.00000000
13699411,1618759565,8104436,0x013712f32402ff67,369.00000000
13699412,1618759567,8068884,0x98d543596e2270bd,35.00000000
13699413,1618759569,7623830,0xe061cf4e18792d43,269.00000000
13699414,1618759572,8089637,0xa64705e9246388da,36.00000000
13699414,1618759572,1886017,0x0c896e1d9b3ff21d,16.00000000
13699414,1618759572,6409642,0x5b274d2007d605f6,26.00000000
13699415,1618759574,2034118,0xd3153758df33ef43,11.00000000
13699415,1618759574,8101467,0x8ed1c52d2e121a49,34.00000000
13699416,1618759577,8719937,0x338f48cbee5bc677,6.00000000
13699417,1618759580,5883503,0x86b74cea77fc4878,22.00000000
13699418,1618759586,8394897,0x84ffa545e213b6b6,5.00000000
13699418,1618759586,941559,0x7eff7fe655efbb49,760.00000000
13699418,1618759586,8669102,0x39cef71e4a68945d,5.00000000
13699418,1618759586,776012,0x169265762ee16a5d,525.00000000
13699419,1618759589,247692,0x69131b97ead29ee5,1175.00000000
13699419,1618759589,6202683,0x1b4e5f8b5dd30fdf,20.00000000
13699420,1618759592,7817535,0x6ab858f92e0570d6,6.00000000
13699420,1618759592,6764172,0x8cde6c8b92111548,49.00000000
13699421,1618759594,2207282,0x109f09a348a081c1,97.00000000
13699422,1618759597,980758,0x79bc3bfdc3c33ab8,239.00000000
13699422,1618759597,8637644,0xfb0fb79dcfea7c6f,4.00000000
13699423,1618759603,5680570,0xaea875709eec9c96,6.00000000
13699423,1618759603,6242971,0x8f429076c70c6b8d,88.00000000
13699423,1618759603,4475175,0x3e0e44ae86ed210b,70.00000000
13699424,1618759606,8349683,0xc896215376be8e98,7.00000000
13699424,1618759606,4101694,0xab8173fe389d4751,10.00000000
13699424,1618759606,8652,0x516fd9ba3997596d,900.00000000
13699424,1618759606,8097483,0xd34c11b86a4e7be5,33.00000000
13699424,1618759606,1022376,0x5d6e324c50e8ceb0,99.00000000
13699425,1618759617,2588038,0x9eb68d7ac786c02e,13.00000000
13699425,1618759617,856181,0x354d791e9ea4ee18,120.00000000
13699425,1618759617,5309416,0x44b95196bfb8b443,39.00000000
13699425,1618759617,8089395,0xc495df2410afe52f,37.00000000
13699425,1618759617,4095555,0xdbb213fa7169e081,10.00000000
13699425,1618759617,6079619,0x727c69044c3196f0,5000.00000000
13699425,1618759617,5241662,0x0da669f4b9122f5f,42.00000000
13699425,1618759617,8386749,0x93e2ab703d1011f7,222.00000000
13699425,1618759617,5917390,0x99a1993900273fb1,5.00000000
13699425,1618759617,6044943,0xe4455f973f4b81fc,2680.00000000
13699425,1618759617,6062192,0x71002e01fefaed53,165.00000000
13699426,1618759619,7466213,0x6ad94ca44c6f4f5c,360.00000000
13699426,1618759619,4018174,0x5a0290af37ac89d4,30.00000000
13699427,1618759622,664562,0xcd08e9381e5685c6,350.00000000
13699428,1618759625,7119769,0x8936c760c3d4937c,7.00000000
13699429,1618759627,8339799,0x7bfbb06a503c8349,6.00000000
13699429,1618759627,8092500,0xf77fa84fd93555d5,33.00000000
13699430,1618759630,4127370,0xcda77fb75de352a1,31.00000000
13699430,1618759630,5146121,0x844264ab23b49292,6.00000000
13699431,1618759632,2172997,0x9526704aacb5af4f,50.00000000
13699431,1618759632,5386097,0x554a964e72bc0936,39.00000000
13699433,1618759638,5346417,0xce76f7329e06a1b3,35.00000000
13699433,1618759638,8113437,0xdd6151f54db0165b,36.00000000
13699433,1618759638,7083686,0x5ff5cff01de2b3b6,5.00000000
